Publication Year,,,Open Access Is Oa,,,Primary Topic Id,,,Authorships Institutions Lineage,,,Type,,
name,count,,name,count,,name,count,,name,count,,name,count,
2026,512891,,true,909048,,Artificial Intelligence in Healthcare and Education,70687,,University of London,8903,,article,632005,
2025,362487,,false,415283,,Ethics and Social Impacts of AI,62101,,Centre National de la Recherche Scientifique,6774,,preprint,205090,
2024,160971,,,,,AI in Service Interactions,29284,,Chinese Academy of Sciences,6648,,conference-paper,183363,
2023,87189,,,,,Explainable Artificial Intelligence (XAI),18686,,Harvard University,5036,,book-chapter,93638,
2022,51688,,,,,Big Data and Business Intelligence,15757,,Stanford University,4364,,other,37253,
2021,43252,,,,,Online Learning and Analytics,14428,,Alphabet (United States),4195,,dataset,30225,
2020,35798,,,,,Digital Transformation in Industry,11880,,Google (United States),4125,,dissertation,26725,
2019,25660,,,,,Smart Agriculture and AI,11037,,Government of India,4064,,report,19664,
2018,18234,,,,,Adversarial Robustness in Machine Learning,9615,,SRM Institute of Science and Technology,3932,,conference-abstract,18421,
2017,13857,,,,,Topic Modeling,9040,,University College London,3857,,software,18242,
2016,12261,,,,,Blockchain Technology Applications and Security,8317,,Tsinghua University,3663,,book,17537,
2027,23,,,,,Intelligent Tutoring Systems and Adaptive Learning,8150,,University of Oxford,3517,,review,16930,
2028,10,,,,,Military Technology and Strategies,7529,,United States Department of Energy,3369,,peer-review,6120,
2029,3,,,,,Network Security and Intrusion Detection,7299,,Saveetha University,3240,,editorial,6029,
2036,2,,,,,Radiomics and Machine Learning in Medical Imaging,7199,,University of Toronto,3197,,paratext,5253,
2045,2,,,,,Scientific Computing and Data Management,7065,,Peking University,3001,,reference-entry,1909,
2030,1,,,,,COVID-19 diagnosis using AI,6899,,Helmholtz Association of German Research Centres,2994,,supplementary-materials,1274,
2031,1,,,,,AI in cancer detection,6859,,Film Independent,2977,,erratum,1166,
2035,1,,,,,"Law, AI, and Intellectual Property",6710,,National University of Singapore,2884,,book-review,871,
,,,,,,IoT and Edge/Fog Computing,6644,,Chandigarh University,2863,,standard,730,
,,,,,,Embodied and Extended Cognition,6630,,Shanghai Jiao Tong University,2853,,letter,669,
,,,,,,Artificial Intelligence in Healthcare,6303,,Google DeepMind (United Kingdom),2810,,data-paper,517,
,,,,,,Impact of AI and Big Data on Business and Society,6157,,Istituti di Ricovero e Cura a Carattere Scientifico,2809,,retraction,457,
,,,,,,Digital Mental Health Interventions,5900,,Zhejiang University,2806,,software-paper,149,
,,,,,,"FinTech, Crowdfunding, Digital Finance",5869,,Mass General Brigham,2759,,libguides,94,
,,,,,,Machine Learning in Healthcare,5190,,University of Hong Kong,2756,,,,
,,,,,,AI and HR Technologies,5091,,University of Washington,2710,,,,
,,,,,,Machine Learning in Materials Science,5089,,Massachusetts Institute of Technology,2703,,,,
,,,,,,Computational Drug Discovery Methods,5003,,Mayo Clinic,2674,,,,
,,,,,,Privacy-Preserving Technologies in Data,4785,,University of Cambridge,2665,,,,
,,,,,,Artificial Intelligence in Law,4697,,Renewable Energy Systems (United Kingdom),2626,,,,
,,,,,,Multimodal Machine Learning Applications,4647,,Renewable Energy Systems (United States),2620,,,,
,,,,,,Teaching and Learning Programming,4298,,Prompt (Canada),2616,,,,
,,,,,,Advanced Neural Network Applications,4283,,Carnegie Mellon University,2612,,,,
,,,,,,Digital Economy and Work Transformation,4203,,Cornell University,2587,,,,
,,,,,,Stock Market Forecasting Methods,4161,,Johns Hopkins University,2563,,,,
,,,,,,Misinformation and Its Impacts,4085,,Amity University,2539,,,,
,,,,,,Smart Cities and Technologies,4045,,Symbiosis International University,2506,,,,
,,,,,,Retinal Imaging and Analysis,4039,,Imperial College London,2489,,,,
,,,,,,Computational and Text Analysis Methods,3930,,New York University,2471,,,,
,,,,,,Natural Language Processing Techniques,3858,,Nanyang Technological University,2413,,,,
,,,,,,Technology-Enhanced Education Studies,3842,,Office of Science,2388,,,,
,,,,,,Human-Automation Interaction and Safety,3812,,Inserm,2345,,,,
,,,,,,Internet of Things and AI,3773,,University of Michigan,2334,,,,
,,,,,,Artificial Intelligence in Games,3751,,Lovely Professional University,2325,,,,
,,,,,,Software System Performance and Reliability,3656,,Vellore Institute of Technology University,2303,,,,
,,,,,,Generative Adversarial Networks and Image Synthesis,3474,,Artificial Intelligence in Medicine (Canada),2291,,,,
,,,,,,Digital Marketing and Social Media,3468,,Chinese University of Hong Kong,2264,,,,
,,,,,,Multi-Agent Systems and Negotiation,3413,,University of Florida,2157,,,,
,,,,,,"Computability, Logic, AI Algorithms",3393,,Binus University,2151,,,,
,,,,,,Advanced Memory and Neural Computing,3362,,Monash University,2130,,,,
,,,,,,Software Engineering Research,3250,,Board of the Swiss Federal Institutes of Technology,2129,,,,
,,,,,,Artificial Intelligence Applications,3206,,Government of the Republic of Korea,2129,,,,
,,,,,,BIM and Construction Integration,3097,,Sun Yat-sen University,2098,,,,
,,,,,,"Innovation, Sustainability, Human-Machine Systems",3077,,Technical University of Munich,2065,,,,
,,,,,,Anomaly Detection Techniques and Applications,3075,,Microsoft (United States),2049,,,,
,,,,,,Brain Tumor Detection and Classification,2958,,Russian Academy of Sciences,2039,,,,
,,,,,,Dental Radiography and Imaging,2918,,United States Department of Health and Human Services,2033,,,,
,,,,,,Cloud Computing and Resource Management,2902,,Graphic Era University,2030,,,,
,,,,,,Space Science and Extraterrestrial Life,2808,,King's College London,2012,,,,
,,,,,,Emotion and Mood Recognition,2786,,Georgia Institute of Technology,2010,,,,
,,,,,,AI-based Problem Solving and Planning,2755,,University of Illinois Urbana-Champaign,2004,,,,
,,,,,,Cutaneous Melanoma Detection and Management,2753,,Fraunhofer-Gesellschaft,2000,,,,
,,,,,,Information and Cyber Security,2725,,Design Intelligence (United States),1999,,,,
,,,,,,Supply Chain Resilience and Risk Management,2713,,University of Bologna,1989,,,,
,,,,,,Educational and Social Studies,2662,,University of Chicago,1964,,,,
,,,,,,Reinforcement Learning in Robotics,2658,,Purdue University West Lafayette,1955,,,,
,,,,,,Educational Leadership and Innovation,2626,,"University of California, Berkeley",1949,,,,
,,,,,,EEG and Brain-Computer Interfaces,2540,,Chitkara University,1934,,,,
,,,,,,Educational Technology and Pedagogy,2533,,Hong Kong Polytechnic University,1933,,,,
,,,,,,Economic and Technological Innovation,2511,,Yale University,1927,,,,
,,,,,,Advanced Malware Detection Techniques,2504,,Fudan University,1914,,,,
,,,,,,ECG Monitoring and Analysis,2459,,Duke University,1907,,,,
,,,,,,Neural Networks and Applications,2425,,Columbia University,1907,,,,
,,,,,,Social Robot Interaction and HRI,2397,,University of Pennsylvania,1883,,,,
,,,,,,Financial Distress and Bankruptcy Prediction,2351,,State Council of the People's Republic of China,1879,,,,
,,,,,,Technology Adoption and User Behaviour,2306,,Seoul National University,1873,,,,
,,,,,,Organizational and Employee Performance,2297,,University of Chinese Academy of Sciences,1846,,,,
,,,,,,Mental Health via Writing,2273,,The University of Sydney,1840,,,,
,,,,,,Digital Education and Society,2240,,University of Southern California,1828,,,,
,,,,,,Energy Load and Power Forecasting,2219,,Indiana University,1826,,,,
,,,,,,Reproductive Physiology in Livestock,2218,,The University of Melbourne,1787,,,,
,,,,,,Software-Defined Networks and 5G,2203,,National Research Council,1786,,,,
,,,,,,Educational Games and Gamification,2187,,United States Department of Defense,1762,,,,
,,,,,,Legal and Labor Studies,2185,,UNSW Sydney,1759,,,,
,,,,,,Traffic Prediction and Management Techniques,2138,,Tribhuvan University,1737,,,,
,,,,,,Virtual Reality Applications and Impacts,2126,,Vel Tech Rangarajan Dr. Sagunthala R&D Institute of Science and Technology,1734,,,,
,,,,,,Imbalanced Data Classification Techniques,2117,,University of Edinburgh,1728,,,,
,,,,,,"Neuroethics, Human Enhancement, Biomedical Innovations",2102,,Université Paris-Saclay,1719,,,,
,,,,,,Industrial Vision Systems and Defect Detection,2090,,Sapienza University of Rome,1715,,,,
,,,,,,Smart Grid Security and Resilience,2065,,University of British Columbia,1691,,,,
,,,,,,Parallel Computing and Optimization Techniques,1984,,Arizona State University,1675,,,,
,,,,,,Language and cultural evolution,1978,,Sichuan University,1640,,,,
,,,,,,Big Data and Digital Economy,1977,,"Islamic Azad University, Tehran",1635,,,,
,,,,,,Colorectal Cancer Screening and Detection,1933,,Massachusetts General Hospital,1635,,,,
,,,,,,Infrastructure Maintenance and Monitoring,1923,,Christ University,1619,,,,
,,,,,,Aesthetic Perception and Analysis,1900,,Jain University,1613,,,,
,,,,,,Quantum Computing Algorithms and Architecture,1862,,Amrita Vishwa Vidyapeetham,1611,,,,
,,,,,,Robotics and Automated Systems,1858,,University of California San Diego,1598,,,,
,,,,,,Artificial Intelligence in Education,1858,,Ministry of Science and Technology,1596,,,,
,,,,,,Robotic Process Automation Applications,1853,,Mayo Clinic in Arizona,1590,,,,
,,,,,,Education and Learning Interventions,1841,,Pennsylvania State University,1583,,,,
,,,,,,Air Quality Monitoring and Forecasting,1837,,Shenzhen University,1572,,,,
,,,,,,3D Surveying and Cultural Heritage,1828,,Emory University,1565,,,,
,,,,,,Autonomous Vehicle Technology and Safety,1824,,King Saud University,1552,,,,
,,,,,,Semantic Web and Ontologies,1818,,Wuhan University,1535,,,,
,,,,,,Diverse academic and cultural studies,1782,,KU Leuven,1529,,,,
,,,,,,Hate Speech and Cyberbullying Detection,1777,,Government of Western Australia,1508,,,,
,,,,,,Face recognition and analysis,1760,,Huazhong University of Science and Technology,1497,,,,
,,,,,,Academic integrity and plagiarism,1751,,IBM (United States),1481,,,,
,,,,,,Sentiment Analysis and Opinion Mining,1742,,The University of Texas at Austin,1475,,,,
,,,,,,Spam and Phishing Detection,1701,,University of Manchester,1472,,,,
,,,,,,"Management, Economics, and Public Policy",1679,,The University of Tokyo,1472,,,,
,,,,,,Neural Networks and Reservoir Computing,1678,,Koneru Lakshmaiah Education Foundation,1463,,,,
,,,,,,Architecture and Computational Design,1678,,Texas A&M University,1444,,,,
,,,,,,Digital Transformation in Law,1661,,University of Naples Federico II,1443,,,,
,,,,,,Advanced Graph Neural Networks,1639,,Harvard University Press,1442,,,,
,,,,,,Water Quality Monitoring Technologies,1621,,United States Department of Veterans Affairs,1436,,,,
,,,,,,Music Technology and Sound Studies,1617,,University of Virginia,1436,,,,
,,,,,,Innovative Human-Technology Interaction,1597,,Hong Kong University of Science and Technology,1435,,,,
,,,,,,"Genetics, Bioinformatics, and Biomedical Research",1591,,University of Wisconsin–Madison,1430,,,,
,,,,,,Manufacturing Process and Optimization,1586,,"University of California, Los Angeles",1427,,,,
,,,,,,Reservoir Engineering and Simulation Methods,1575,,Yonsei University,1427,,,,
,,,,,,Digital Humanities and Scholarship,1560,,Amity University,1427,,,,
,,,,,,UAV Applications and Optimization,1551,,Tongji University,1425,,,,
,,,,,,Persona Design and Applications,1527,,Galgotias University,1423,,,,
,,,,,,Advanced Wireless Communication Technologies,1522,,Australian Government,1417,,,,
,,,,,,Design Education and Practice,1520,,Institut des Sciences de l'Information et de leurs Interactions,1412,,,,
,,,,,,Machine Learning and Data Classification,1514,,University of Milan,1411,,,,
,,,,,,Digital Media Forensic Detection,1510,,Ludwig-Maximilians-Universität München,1398,,,,
,,,,,,Context-Aware Activity Recognition Systems,1509,,University of Amsterdam,1398,,,,
,,,,,,Historical and Environmental Studies,1509,,Delft University of Technology,1395,,,,
,,,,,,Technology and Data Analysis,1506,,University of Johannesburg,1394,,,,
,,,,,,Insurance and Financial Risk Management,1488,,Leibniz Association,1391,,,,
,,,,,,Occupational Health and Safety Research,1486,,ETH Zurich,1390,,,,
,,,,,,Cybersecurity and Cyber Warfare Studies,1486,,Veterans Health Administration,1365,,,,
,,,,,,Digital Media and Visual Art,1482,,Politecnico di Milano,1363,,,,
,,,,,,Educational Curriculum and Learning Methods,1479,,University of North Carolina at Chapel Hill,1361,,,,
,,,,,,Machine Fault Diagnosis Techniques,1478,,Ministry of Defence,1352,,,,
,,,,,,Biomedical Text Mining and Ontologies,1478,,University of Pittsburgh,1351,,,,
,,,,,,Medical Imaging and Analysis,1452,,Sorbonne Université,1351,,,,
,,,,,,Cognitive Computing and Networks,1441,,National Institutes of Health,1340,,,,
,,,,,,Software Engineering Techniques and Practices,1435,,"University of California, San Francisco",1340,,,,
,,,,,,Fault Detection and Control Systems,1428,,Virginia Tech,1335,,,,
,,,,,,Business Process Modeling and Analysis,1427,,Consejo Superior de Investigaciones Científicas,1334,,,,
,,,,,,Augmented Reality Applications,1380,,Defence Research and Development Organisation,1328,,,,
,,,,,,Research Data Management Practices,1362,,Sharda University,1322,,,,
,,,,,,Music and Audio Processing,1359,,Manipal Academy of Higher Education,1315,,,,
,,,,,,Cell Image Analysis Techniques,1353,,King Abdulaziz University,1313,,,,
,,,,,,Creativity in Education and Neuroscience,1352,,The University of Queensland,1302,,,,
,,,,,,Hand Gesture Recognition Systems,1348,,McGill University,1299,,,,
,,,,,,Hydrological Forecasting Using AI,1339,,Department of Commerce,1294,,,,
,,,,,,Access Control and Trust,1309,,Max Planck Society,1293,,,,
,,,,,,Surgical Simulation and Training,1301,,"G.S. Science, Arts And Commerce College",1292,,,,
,,,,,,Linguistic Studies and Language Acquisition,1301,,Ministry of Industry and Information Technology,1289,,,,
,,,,,,Diverse Topics in Contemporary Research,1285,,Institute of Engineering,1280,,,,
,,,,,,Security and Verification in Computing,1283,,Brigham and Women's Hospital,1273,,,,
,,,,,,Psychology of Moral and Emotional Judgment,1280,,Savitribai Phule Pune University,1268,,,,
,,,,,,Speech and dialogue systems,1279,,University of Technology Sydney,1264,,,,
,,,,,,Biomedical and Engineering Education,1278,,University of Nottingham,1252,,,,
,,,,,,Smart Grid Energy Management,1272,,Heidelberg University,1249,,,,
,,,,,,Digital and Cyber Forensics,1261,,Institut national de recherche en sciences et technologies du numérique,1246,,,,
,,,,,,E-commerce and Technology Innovations,1246,,University of Science and Technology of China,1245,,,,
,,,,,,Autism Spectrum Disorder Research,1242,,Mayo Clinic in Florida,1237,,,,
,,,,,,Cognitive Science and Mapping,1241,,Sungkyunkwan University,1237,,,,
,,,,,,Educational Reforms and Innovations,1234,,Beijing University of Posts and Telecommunications,1236,,,,
,,,,,,Urban Planning and Valuation,1227,,Universiti Teknologi MARA,1234,,,,
,,,,,,Cardiac Imaging and Diagnostics,1225,,City University of Hong Kong,1233,,,,
,,,,,,Engineering Education and Technology,1223,,Chinese Academy of Medical Sciences & Peking Union Medical College,1229,,,,
,,,,,,E-Learning and Knowledge Management,1221,,Johns Hopkins Medicine,1225,,,,
,,,,,,Data Quality and Management,1220,,University of Electronic Science and Technology of China,1204,,,,
,,,,,,EFL/ESL Teaching and Learning,1194,,"Rutgers, The State University of New Jersey",1200,,,,
,,,,,,Lung Cancer Diagnosis and Treatment,1193,,Northwestern University,1188,,,,
,,,,,,Customer churn and segmentation,1192,,"University of Maryland, College Park",1187,,,,
,,,,,,Consumer Retail Behavior Studies,1172,,Queen Mary University of London,1184,,,,
,,,,,,Recommender Systems and Techniques,1168,,Universidade de São Paulo,1184,,,,
,,,,,,Building Energy and Comfort Optimization,1164,,The Ohio State University,1183,,,,
,,,,,,Translation Studies and Practices,1163,,Université Paris Cité,1182,,,,
,,,,,,"Privacy, Security, and Data Protection",1161,,University of Malaya,1182,,,,
,,,,,,Employer Branding and e-HRM,1161,,University of Turin,1177,,,,
,,,,,,Innovative Teaching and Learning Methods,1152,,University of Padua,1172,,,,
,,,,,,Diverse Interdisciplinary Research Innovations,1140,,Northeastern University,1166,,,,
,,,,,,Edcuational Technology Systems,1138,,Odesа Polytechnic National University,1152,,,,
,,,,,,"Education, Innovation and Language Studies",1137,,Central South University,1142,,,,
,,,,,,Tactile and Sensory Interactions,1132,,"Anna University, Chennai",1142,,,,
,,,,,,Educational Innovations and Challenges,1132,,North Carolina State University,1139,,,,
,,,,,,E-Learning and COVID-19,1124,,National University of Malaysia,1136,,,,
,,,,,,Data Visualization and Analytics,1123,,"University of California, Irvine",1129,,,,
,,,,,,Forecasting Techniques and Applications,1114,,Samsung (South Korea),1128,,,,
,,,,,,Advanced Battery Technologies Research,1111,,CERCA Institution,1123,,,,
,,,,,,Computational Physics and Python Applications,1110,,University of Pisa,1096,,,,
,,,,,,Mobile Health and mHealth Applications,1093,,Xi'an Jiaotong University,1096,,,,
,,,,,,Medical Research and Treatments,1089,,Indian Council of Agricultural Research,1093,,,,
,,,,,,Italian Literature and Culture,1067,,King Khalid University,1091,,,,
,,,,,,Speech Recognition and Synthesis,1066,,Ministry of Science and ICT,1090,,,,
,,,,,,Software Testing and Debugging Techniques,1065,,University College Dublin,1089,,,,
,,,,,,Human Pose and Action Recognition,1064,,University of Zurich,1083,,,,
,,,,,,Digital Innovation in Industries,1063,,Institute of Management Technology,1077,,,,
,,,,,,Italian Fascism and Post-war Society,1061,,University of Glasgow,1072,,,,
,,,,,,Healthcare Systems and Public Health,1060,,Harbin Institute of Technology,1069,,,,
